{
  "options": {
    "summaryTrendStats": [
      "avg",
      "min",
      "med",
      "max",
      "p(90)",
      "p(95)"
    ],
    "summaryTimeUnit": "",
    "noColor": false
  },
  "state": {
    "testRunDurationMs": 482415.350843,
    "isStdOutTTY": true,
    "isStdErrTTY": true
  },
  "metrics": {
    "data_sent": {
      "type": "counter",
      "contains": "data",
      "values": {
        "rate": 3487.2522133888283,
        "count": 1682304
      }
    },
    "http_req_connecting": {
      "type": "trend",
      "contains": "time",
      "values": {
        "p(90)": 0,
        "p(95)": 0,
        "avg": 0.0014505540197649574,
        "min": 0,
        "med": 0,
        "max": 1.511363
      }
    },
    "iterations": {
      "type": "counter",
      "contains": "default",
      "values": {
        "count": 2496,
        "rate": 5.17396470829203
      }
    },
    "http_reqs": {
      "type": "counter",
      "contains": "default",
      "values": {
        "count": 14976,
        "rate": 31.043788249752183
      }
    },
    "http_req_duration{expected_response:true}": {
      "type": "trend",
      "contains": "time",
      "values": {
        "med": 6.2212595,
        "max": 1010.827748,
        "p(90)": 9.508072,
        "p(95)": 26.43848625,
        "avg": 13.655544706997802,
        "min": 1.850628
      }
    },
    "http_req_sending": {
      "values": {
        "p(95)": 0.06412975,
        "avg": 0.03726816893696593,
        "min": 0.009125,
        "med": 0.032977,
        "max": 0.890632,
        "p(90)": 0.055992
      },
      "type": "trend",
      "contains": "time"
    },
    "page_response_time": {
      "contains": "time",
      "values": {
        "med": 6.80522,
        "max": 1010.827748,
        "p(90)": 10.036165000000002,
        "p(95)": 31.070689150000245,
        "avg": 14.488555146634631,
        "min": 3.018118
      },
      "type": "trend"
    },
    "data_received": {
      "type": "counter",
      "contains": "data",
      "values": {
        "count": 125196864,
        "rate": 259520.89580321996
      }
    },
    "http_req_receiving": {
      "contains": "time",
      "values": {
        "med": 0.13612,
        "max": 2.777472,
        "p(90)": 0.2008065,
        "p(95)": 0.23053425,
        "avg": 0.14813763868856789,
        "min": 0.038644
      },
      "type": "trend"
    },
    "iteration_duration": {
      "contains": "time",
      "values": {
        "med": 5044.133551,
        "max": 7476.157778,
        "p(90)": 5193.6514295,
        "p(95)": 5288.15759225,
        "avg": 5086.143220569704,
        "min": 5031.279351
      },
      "type": "trend"
    },
    "http_req_tls_handshaking": {
      "values": {
        "p(95)": 0,
        "avg": 0,
        "min": 0,
        "med": 0,
        "max": 0,
        "p(90)": 0
      },
      "type": "trend",
      "contains": "time"
    },
    "http_req_waiting": {
      "type": "trend",
      "contains": "time",
      "values": {
        "min": 1.771101,
        "med": 6.037793499999999,
        "max": 1010.577826,
        "p(90)": 9.289377,
        "p(95)": 26.179733,
        "avg": 13.470138899372321
      }
    },
    "http_req_duration": {
      "type": "trend",
      "contains": "time",
      "values": {
        "avg": 13.655544706997802,
        "min": 1.850628,
        "med": 6.2212595,
        "max": 1010.827748,
        "p(90)": 9.508072,
        "p(95)": 26.43848625
      },
      "thresholds": {
        "p(95)<800": {
          "ok": true
        }
      }
    },
    "checks": {
      "type": "rate",
      "contains": "default",
      "values": {
        "rate": 0.9989697802197802,
        "passes": 17454,
        "fails": 18
      }
    },
    "http_req_blocked": {
      "type": "trend",
      "contains": "time",
      "values": {
        "avg": 0.015590973624465864,
        "min": 0.002685,
        "med": 0.0118475,
        "max": 1.67351,
        "p(90)": 0.0199075,
        "p(95)": 0.02228025
      }
    },
    "errors": {
      "values": {
        "rate": 1,
        "passes": 18,
        "fails": 0
      },
      "thresholds": {
        "rate<0.05": {
          "ok": false
        }
      },
      "type": "rate",
      "contains": "default"
    },
    "vus": {
      "type": "gauge",
      "contains": "default",
      "values": {
        "value": 1,
        "min": 1,
        "max": 50
      }
    },
    "http_req_failed": {
      "values": {
        "passes": 0,
        "fails": 14976,
        "rate": 0
      },
      "thresholds": {
        "rate<0.05": {
          "ok": true
        }
      },
      "type": "rate",
      "contains": "default"
    },
    "vus_max": {
      "type": "gauge",
      "contains": "default",
      "values": {
        "max": 50,
        "value": 50,
        "min": 50
      }
    }
  },
  "root_group": {
    "groups": [],
    "checks": [
        {
          "id": "6c2b37f9e7660b0de7c280503ce756df",
          "passes": 2496,
          "fails": 0,
          "name": "home — status 200",
          "path": "::home — status 200"
        },
        {
          "id": "2d35ec452ad1843f7970ee1e1092787a",
          "passes": 2485,
          "fails": 11,
          "name": "home — réponse < 300 ms",
          "path": "::home — réponse < 300 ms"
        },
        {
          "name": "connexion — status 200",
          "path": "::connexion — status 200",
          "id": "a82e93542e1c16c1813c0d38b79dc1ed",
          "passes": 2496,
          "fails": 0
        },
        {
          "fails": 7,
          "name": "connexion — réponse < 300 ms",
          "path": "::connexion — réponse < 300 ms",
          "id": "81c178847f46ca786dfce20447ba7b89",
          "passes": 2489
        },
        {
          "name": "recettes — status 200 ou 302",
          "path": "::recettes — status 200 ou 302",
          "id": "5b6d5851d74d92095a483ed8847b3ff8",
          "passes": 2496,
          "fails": 0
        },
        {
          "id": "23a2f1e83c8b841c46d9ac2215be8006",
          "passes": 2496,
          "fails": 0,
          "name": "recettes — réponse < 800 ms",
          "path": "::recettes — réponse < 800 ms"
        },
        {
          "name": "recherche — status 200 ou 302",
          "path": "::recherche — status 200 ou 302",
          "id": "5095729ffc81970e39f08cf9b6ed82e5",
          "passes": 2496,
          "fails": 0
        }
      ],
    "name": "",
    "path": "",
    "id": "d41d8cd98f00b204e9800998ecf8427e"
  }
}